,feature,fi,ci_delta,fis_var,fis_var_adjusted,uqtype
12,thal,1.2019383809253552,0.2417171613200428,1.7730138539607134,0.014899276083703474,model
0,age,,,,,model
1,sex,,,,,model
2,cp,,,,,model
3,trestbps,,,,,model
4,chol,,,,,model
5,fbs,,,,,model
6,restecg,,,,,model
7,thalach,,,,,model
8,exang,,,,,model
9,oldpeak,,,,,model
10,slope,,,,,model
11,ca,,,,,model
0,age,,,,,learner
1,sex,,,,,learner
2,cp,,,,,learner
3,trestbps,,,,,learner
4,chol,,,,,learner
5,fbs,,,,,learner
6,restecg,,,,,learner
7,thalach,,,,,learner
8,exang,,,,,learner
9,oldpeak,,,,,learner
10,slope,,,,,learner
11,ca,,,,,learner
12,thal,,,,,learner
