,feature,fi,ci_delta,fis_var,fis_var_adjusted,uqtype
0,age,inf,,,,model
4,chol,inf,,,,model
12,thal,inf,,,,model
8,exang,1.114500259349107,0.2941725676091225,2.626040989878243,0.02206757134351465,model
1,sex,0.993420186015988,0.18108797646210806,0.9951221429390595,0.008362370949067726,model
9,oldpeak,0.992165472620392,0.12809202947474121,0.4978991348680446,0.004184026343428946,model
2,cp,,,,,model
3,trestbps,,,,,model
5,fbs,,,,,model
6,restecg,,,,,model
7,thalach,,,,,model
10,slope,,,,,model
11,ca,,,,,model
0,age,,,,,learner
1,sex,,,,,learner
2,cp,,,,,learner
3,trestbps,,,,,learner
4,chol,,,,,learner
5,fbs,,,,,learner
6,restecg,,,,,learner
7,thalach,,,,,learner
8,exang,,,,,learner
9,oldpeak,,,,,learner
10,slope,,,,,learner
11,ca,,,,,learner
12,thal,,,,,learner
