,feature,fi,ci_delta,fis_var,fis_var_adjusted,uqtype
1,sex,inf,,,,model
7,thalach,inf,,,,model
11,ca,2.002686090655718,1.068114769649792,34.62047317514646,0.2909283460096341,model
3,trestbps,1.2130081547183016,0.41774899686600026,5.295756279238059,0.044502153607042516,model
0,age,,,,,model
2,cp,,,,,model
4,chol,,,,,model
5,fbs,,,,,model
6,restecg,,,,,model
8,exang,,,,,model
9,oldpeak,,,,,model
10,slope,,,,,model
12,thal,,,,,model
0,age,,,,,learner
1,sex,,,,,learner
2,cp,,,,,learner
3,trestbps,,,,,learner
4,chol,,,,,learner
5,fbs,,,,,learner
6,restecg,,,,,learner
7,thalach,,,,,learner
8,exang,,,,,learner
9,oldpeak,,,,,learner
10,slope,,,,,learner
11,ca,,,,,learner
12,thal,,,,,learner
